object,type_id,path,node_type,value_type,json_type,required,default_json,order,ref
sap,NA,sap_schema_version,field,character,string,TRUE,"""0.1.0""",1,NA
sap,NA,generated_at,field,datetime,string,TRUE,NA,2,NA
sap,NA,study,object,object,object,TRUE,NA,3,NA
sap,NA,data_sources,collection,object,array,TRUE,[],4,NA
sap,NA,data_source_modifications,collection,object,array,TRUE,[],5,NA
sap,NA,codelists,collection,object,array,TRUE,[],6,NA
sap,NA,cohorts,collection,object,array,TRUE,[],7,NA
sap,NA,analyses,collection,object,array,TRUE,[],8,NA
study,NA,study_id,field,id,string,TRUE,NA,1,NA
study,NA,title,field,character,string,TRUE,NA,2,NA
study,NA,authors,field,character_vector,array,FALSE,[],3,NA
study,NA,version,field,character,string,TRUE,NA,4,NA
study,NA,description,field,character,string,FALSE,null,5,NA
data_source,NA,id,field,id,string,TRUE,NA,1,NA
data_source,NA,name,field,character,string,TRUE,NA,2,NA
data_source,NA,description,field,data_source_description,external,FALSE,null,3,NA
data_source_modification,NA,id,field,id,string,TRUE,NA,1,NA
data_source_modification,NA,name,field,character,string,TRUE,NA,2,NA
data_source_modification,NA,type,field,type_id,string,TRUE,NA,3,NA
data_source_modification,NA,data_source_id,field,id_vector,array,FALSE,[],4,data_sources
data_source_modification,NA,parameters,object,object,object,TRUE,{},5,NA
data_source_modification,trim_observation_period,parameters.date_range,field,date_range,array,FALSE,null,1,NA
codelist,NA,id,field,id,string,TRUE,NA,1,NA
codelist,NA,name,field,character,string,TRUE,NA,2,NA
codelist,NA,type,field,type_id,string,TRUE,NA,3,NA
codelist,NA,content,field,external_object,external,TRUE,NA,4,NA
cohort,NA,id,field,id,string,TRUE,NA,1,NA
cohort,NA,name,field,character,string,TRUE,NA,2,NA
cohort,NA,data_source_id,field,id_vector,array,FALSE,[],3,data_sources
cohort,NA,type,field,type_id,string,TRUE,NA,4,NA
cohort,NA,parameters,object,object,object,TRUE,{},5,NA
cohort,concept_cohort,parameters.codelist_id,field,id,string,TRUE,NA,1,codelists
cohort,concept_cohort,parameters.exit,field,character,string,TRUE,NA,2,NA
cohort,concept_cohort,parameters.overlap,field,character,string,TRUE,NA,3,NA
cohort,denominator,parameters.age_group,field,age_group,array,FALSE,[],1,NA
cohort,denominator,parameters.sex,field,character,string,FALSE,null,2,NA
cohort,denominator,parameters.days_prior_observation,field,integer,number,FALSE,0,3,NA
cohort,denominator,parameters.requirement_interactions,field,logic,boolean,TRUE,TRUE,4,NA
cohort,target_denominator,parameters.target_cohort_id,field,id_vector,array,TRUE,[],1,cohorts
cohort,target_denominator,parameters.target_cohort_date_range,field,date_range,array,FALSE,[],2,NA
cohort,target_denominator,parameters.time_at_risk,field,time_at_risk,array,FALSE,[],3,NA
cohort,target_denominator,parameters.age_group,field,age_group,array,FALSE,[],4,NA
cohort,target_denominator,parameters.sex,field,character,string,FALSE,NA,5,NA
cohort,target_denominator,parameters.days_prior_observation,field,integer,number,FALSE,0,6,NA
cohort,target_denominator,parameters.requirements_at_entry,field,logic,boolean,TRUE,TRUE,7,NA
cohort,target_denominator,parameters.requirement_interactions,field,logic,boolean,TRUE,TRUE,8,NA
analysis,NA,id,field,id,string,TRUE,NA,1,NA
analysis,NA,name,field,character,string,TRUE,NA,2,NA
analysis,NA,data_source_id,field,id_vector,array,FALSE,[],3,data_sources
analysis,NA,type,field,type_id,string,TRUE,NA,4,NA
analysis,NA,parameters,object,object,object,TRUE,{},5,NA
analysis,incidence,parameters.denominator_cohort_id,field,id,string,TRUE,NA,1,cohorts
analysis,incidence,parameters.outcome_cohort_id,field,id,string,FALSE,null,2,cohorts
analysis,incidence,parameters.censor_cohort_id,field,id,string,FALSE,null,3,cohorts
analysis,incidence,parameters.denominator_cohort_ids_of_interest,field,id_vector,array,FALSE,null,4,NA
analysis,incidence,parameters.outcome_cohort_ids_of_interest,field,id_vector,array,FALSE,null,5,NA
analysis,incidence,parameters.interval,field,time_interval,string,FALSE,null,6,NA
analysis,incidence,parameters.complete_database_intervals,field,logic,bool,FALSE,TRUE,7,NA
analysis,incidence,parameters.washout,field,integer,number,FALSE,null,8,NA
analysis,incidence,parameters.repeated_events,field,logic,bool,FALSE,FALSE,9,NA
analysis,incidence,parameters.strata,field,strata,array,FALSE,[],10,NA
analysis,incidence,parameters.include_overall_strata,field,logic,bool,FALSE,TRUE,11,NA
analysis,point_prevalence,parameters.denominator_cohort_id,field,id,string,TRUE,NA,1,cohorts
analysis,point_prevalence,parameters.outcome_cohort_id,field,id,string,FALSE,null,2,cohorts
analysis,point_prevalence,parameters.denominator_cohort_ids_of_interest,field,id_vector,array,FALSE,null,4,NA
analysis,point_prevalence,parameters.outcome_cohort_ids_of_interest,field,id_vector,array,FALSE,null,5,NA
analysis,point_prevalence,parameters.interval,field,time_interval,string,FALSE,null,6,NA
analysis,point_prevalence,parameters.time_point,field,time_point,string,FALSE,null,7,NA
analysis,point_prevalence,parameters.strata,field,strata,array,FALSE,[],8,NA
analysis,point_prevalence,parameters.include_overall_strata,field,logic,bool,FALSE,TRUE,9,NA
analysis,period_prevalence,parameters.denominator_cohort_id,field,id,string,TRUE,NA,1,cohorts
analysis,period_prevalence,parameters.outcome_cohort_id,field,id,string,FALSE,null,2,cohorts
analysis,period_prevalence,parameters.denominator_cohort_ids_of_interest,field,id_vector,array,FALSE,null,4,NA
analysis,period_prevalence,parameters.outcome_cohort_ids_of_interest,field,id_vector,array,FALSE,null,5,NA
analysis,period_prevalence,parameters.interval,field,time_interval,string,FALSE,null,6,NA
analysis,period_prevalence,parameters.complete_database_intervals,field,logic,bool,FALSE,TRUE,7,NA
analysis,period_prevalence,parameters.full_contribution,field,logic,bool,FALSE,FALSE,8,NA
analysis,period_prevalence,parameters.level,field,level,string,FALSE,person,9,NA
analysis,period_prevalence,parameters.strata,field,strata,array,FALSE,[],10,NA
analysis,period_prevalence,parameters.include_overall_strata,field,logic,bool,FALSE,TRUE,11,NA
analysis,single_event_survival,parameters.target_cohort_id,field,id,string,TRUE,NA,1,cohorts
analysis,single_event_survival,parameters.outcome_cohort_id,field,id,string,TRUE,NA,2,cohorts
analysis,single_event_survival,parameters.outcome_date_variable,field,character,string,FALSE,"""cohort_start_date""",3,NA
analysis,single_event_survival,parameters.outcome_washout,field,integer,number,FALSE,null,4,NA
analysis,single_event_survival,parameters.censor_on_cohort_exit,field,logic,bool,FALSE,FALSE,5,NA
analysis,single_event_survival,parameters.censor_on_date,field,date,string,FALSE,null,6,NA
analysis,single_event_survival,parameters.censor_on_date_variable,field,character,string,FALSE,null,7,NA
analysis,single_event_survival,parameters.weight,field,character,string,FALSE,null,8,NA
analysis,single_event_survival,parameters.follow_up_days,field,integer,number,FALSE,null,9,NA
analysis,single_event_survival,parameters.strata,field,strata,array,FALSE,[],10,NA
analysis,single_event_survival,parameters.event_gap,field,integer,number,FALSE,30,11,NA
analysis,single_event_survival,parameters.estimate_gap,field,integer,number,FALSE,1,12,NA
analysis,single_event_survival,parameters.restricted_mean_follow_up,field,integer,number,FALSE,null,13,NA
analysis,single_event_survival,parameters.minimum_survival_days,field,integer,number,FALSE,1,14,NA
analysis,competing_risk_survival,parameters.target_cohort_id,field,id,string,TRUE,NA,1,cohorts
analysis,competing_risk_survival,parameters.outcome_cohort_id,field,id,string,TRUE,NA,2,cohorts
analysis,competing_risk_survival,parameters.competing_outcome_cohort_id,field,id,string,TRUE,NA,3,cohorts
analysis,competing_risk_survival,parameters.outcome_date_variable,field,character,string,FALSE,"""cohort_start_date""",4,NA
analysis,competing_risk_survival,parameters.competing_outcome_date_variable,field,character,string,FALSE,"""cohort_start_date""",5,NA
analysis,competing_risk_survival,parameters.outcome_washout,field,integer,number,FALSE,null,6,NA
analysis,competing_risk_survival,parameters.competing_outcome_washout,field,integer,number,FALSE,null,7,NA
analysis,competing_risk_survival,parameters.censor_on_cohort_exit,field,logic,bool,FALSE,FALSE,8,NA
analysis,competing_risk_survival,parameters.censor_on_date,field,date,string,FALSE,null,9,NA
analysis,competing_risk_survival,parameters.censor_on_date_variable,field,character,string,FALSE,null,10,NA
analysis,competing_risk_survival,parameters.weight,field,character,string,FALSE,null,11,NA
analysis,competing_risk_survival,parameters.follow_up_days,field,integer,number,FALSE,null,12,NA
analysis,competing_risk_survival,parameters.strata,field,strata,array,FALSE,[],13,NA
analysis,competing_risk_survival,parameters.event_gap,field,integer,number,FALSE,30,14,NA
analysis,competing_risk_survival,parameters.estimate_gap,field,integer,number,FALSE,1,15,NA
analysis,competing_risk_survival,parameters.restricted_mean_follow_up,field,integer,number,FALSE,null,16,NA
analysis,competing_risk_survival,parameters.minimum_survival_days,field,integer,number,FALSE,1,17,NA
